,unit,RMSE,RMSE_standard,MAE,MAE_standard
烟气含氧量（CEMS）,%,0.44410536927819966,0.3975993910242469,0.2763374124793541,0.2473998166191519
NOX浓度,mg/Nm3,2.302528898284066,0.680035173974672,1.3280712345169363,0.39223618591216536
一氧化碳,mg/Nm3,7.76115238497358,0.5553397688497408,3.719211753828659,0.2661236493272999
烟气湿度（CEMS）,%,0.49944538128902805,0.613317787264718,0.2589784381083416,0.3180249303736431
烟气压力（CEMS）,Pa,4.376192756280923,0.6274097436201179,2.5126585249557816,0.36023697509319946
烟气温度（CEMS）,℃,1.6429042304850439,0.5971525128970099,0.9673241896024469,0.35159692201694853
炉膛出口烟气压力,Pa,0.4250864059017511,0.5630498930397208,0.25003134871615096,0.33118001939526615
