,unit,RMSE,RMSE_standard,MAE,MAE_standard
烟气含氧量（CEMS）,%,0.5118129619347429,0.45821675678974755,0.3323631840053449,0.29755866220258226
NOX浓度,mg/Nm3,2.413630139016872,0.71284811787598,1.4563607149693112,0.43012555148041803
一氧化碳,mg/Nm3,8.136351101697908,0.5821866542454998,4.074049537399296,0.2915136330478609
烟气湿度（CEMS）,%,0.5294334832434271,0.650143107958388,0.289232481277127,0.3551768262710501
烟气压力（CEMS）,Pa,4.5938667725227145,0.6586174180368838,2.7238673694325564,0.39051774523827215
烟气温度（CEMS）,℃,1.7338744173822596,0.6302177851730115,1.061178445614937,0.3857104776241376
炉膛出口烟气压力,Pa,0.44954166310617355,0.5954422014317031,0.2746437273418933,0.3637804435920359
