,unit,RMSE,RMSE_standard,MAE,MAE_standard
烟气含氧量（CEMS）,%,0.4565081957694867,0.4087034140805995,0.28984652929065563,0.25949428110666456
NOX浓度,mg/Nm3,2.305188860019094,0.680820774338947,1.3541810000337284,0.39994751537642603
一氧化碳,mg/Nm3,7.770276796623424,0.555992654968344,3.7952916334600384,0.2715674520865921
烟气湿度（CEMS）,%,0.5004223700960757,0.61451752728789,0.26120557736888717,0.32075985229780385
烟气压力（CEMS）,Pa,4.3829151777062645,0.6283735294809959,2.542550040393794,0.3645224874281996
烟气温度（CEMS）,℃,1.642826072650336,0.5971241045780511,0.9794326382638753,0.3559980249000555
炉膛出口烟气压力,Pa,0.4248260371044376,0.5627050205115879,0.2527046047274989,0.3347208912988601
