,unit,RMSE,RMSE_standard,MAE,MAE_standard
烟气含氧量（CEMS）,%,0.5639699256221835,0.5049119296796964,0.3905469931518132,0.3496495592833944
NOX浓度,mg/Nm3,2.5341946189532085,0.7484559606916654,1.586801862338651,0.4686503962330163
一氧化碳,mg/Nm3,8.542386737006742,0.611240037644302,4.4432611916145195,0.3179321215065449
烟气湿度（CEMS）,%,0.5401919349584804,0.6633544620873241,0.2933403051106688,0.36022122455451955
烟气压力（CEMS）,Pa,4.716903429961253,0.676257042705746,2.8150891247195693,0.40359610382178235
烟气温度（CEMS）,℃,1.7618282282082136,0.6403782607929677,1.0818915928306896,0.39323916230360956
炉膛出口烟气压力,Pa,0.4584555760905788,0.607249160399934,0.2823685508252393,0.3740123893227445
