,unit,RMSE,RMSE_standard,MAE,MAE_standard
烟气含氧量（CEMS）,%,0.4806479837705249,0.43031532348909574,0.3100695443439089,0.27759957553919096
NOX浓度,mg/Nm3,2.3305686023244236,0.6883164967539401,1.3814725215114367,0.40800786787404636
一氧化碳,mg/Nm3,7.856548606660017,0.5621657288454567,3.8697388583572048,0.27689443223272897
烟气湿度（CEMS）,%,0.515406971613443,0.6329185837196378,0.2780511889868988,0.3414462248817577
烟气压力（CEMS）,Pa,4.493559717361002,0.6442365104153048,2.6405158109332656,0.37856772775485115
烟气温度（CEMS）,℃,1.7006735463851408,0.6181501410715379,1.0284102089029408,0.37380008471584525
炉膛出口烟气压力,Pa,0.4392844153299061,0.5818559230113008,0.2638074113903858,0.3494271581123513
