,unit,RMSE,RMSE_standard,MAE,MAE_standard
烟气含氧量（CEMS）,%,0.48865018705723157,0.444541784872567,0.2691378713739316,0.24484392493102247
NOX浓度,mg/Nm3,1.4210254024330289,0.44092704107979525,0.8974036288997067,0.278453521004996
一氧化碳,mg/Nm3,4.913363853212834,0.37505443758379414,2.5692093309020905,0.19611683348189832
烟气湿度（CEMS）,%,0.34603041690714814,0.41711190707440915,0.2002645197796522,0.24140281224770527
烟气压力（CEMS）,Pa,3.6643458869038312,0.5623126456681578,2.1313220406800064,0.3270622840897455
烟气温度（CEMS）,℃,1.492361134239399,0.5388060878408387,0.8816421232962353,0.31831044941480746
炉膛出口烟气压力,Pa,0.39008532075715996,0.5101411275295741,0.22984590286735376,0.30058513306579643
