,unit,RMSE,RMSE_standard,MAE,MAE_standard
烟气含氧量（CEMS）,%,0.44410536927819966,0.3975993910242469,0.2763374124793541,0.2473998166191519
NOX浓度,mg/Nm3,2.302528898284066,0.680035173974672,1.3280712345169363,0.39223618591216536
炉膛出口烟气压力,Pa,0.4368678937657108,0.5786551097428502,0.24993343331705317,0.3310503251631676
