,unit,RMSE,RMSE_standard,MAE,MAE_standard
烟气含氧量（CEMS）,%,0.49275243212247777,0.4411522140703625,0.2708704293108144,0.24250532686757775
NOX浓度,mg/Nm3,2.2026134009342355,0.6505258580769675,1.2501018411774405,0.36920849231672875
炉膛出口烟气压力,Pa,0.4249738798188327,0.5629008461681395,0.2399991921306236,0.31789188640861765
