,unit,RMSE,RMSE_standard,MAE,MAE_standard
烟气含氧量（CEMS）,%,0.5030545133142922,0.45037547839343317,0.33537587961397586,0.3002558733200248
NOX浓度,mg/Nm3,2.4882096176487494,0.7348746248024143,1.5164597092802756,0.4478753526153427
一氧化碳,mg/Nm3,8.38716796783104,0.6001335484118439,4.243997541867453,0.3036740547012933
烟气湿度（CEMS）,%,0.5285851606514191,0.6491013697533532,0.28425966670686326,0.3490702213389146
烟气压力（CEMS）,Pa,4.697409408832629,0.6734622072221214,2.800727184187214,0.40153704885571406
烟气温度（CEMS）,℃,1.7527236879983419,0.6370689996904556,1.070994142445041,0.3892782254691848
炉膛出口烟气压力,Pa,0.45383913037535845,0.6011344288298559,0.27702896466475074,0.366939819193945
