,unit,RMSE,RMSE_standard,MAE,MAE_standard
烟气含氧量（CEMS）,%,0.48865018705723157,0.444541784872567,0.2691378713739316,0.24484392493102247
NOX浓度,mg/Nm3,1.4210254024330289,0.44092704107979525,0.8974036288997067,0.278453521004996
炉膛出口烟气压力,Pa,0.302232944842466,0.3952505953293788,0.19145603707675363,0.25038009232724073
